Handle,Title,Body (HTML),Vendor,Standardized Product Type,Custom Product Type,Tags,Published,Option1 Name,Option1 Value,Option2 Name,Option2 Value,Option3 Name,Option3 Value,Variant SKU,Variant Grams,Variant Inventory Tracker,Variant Inventory Qty,Variant Inventory Policy,Variant Fulfillment Service,Variant Price,Variant Compare At Price,Variant Requires Shipping,Variant Taxable,Variant Barcode,Image Src,Image Position,Image Alt Text,Gift Card,SEO Title,SEO Description,Google Shopping / Google Product Category,Google Shopping / Gender,Google Shopping / Age Group,Google Shopping / MPN,Google Shopping / AdWords Grouping,Google Shopping / AdWords Labels,Google Shopping / Condition,Google Shopping / Custom Product,Google Shopping / Custom Label 0,Google Shopping / Custom Label 1,Google Shopping / Custom Label 2,Google Shopping / Custom Label 3,Google Shopping / Custom Label 4,Variant Image,Variant Weight Unit,Variant Tax Code,Cost per item,Status
produto-1,PRODUTO 1,"",elizabethgarciastore,,,"",false,Title,Default Title,,,,,"",0.0,shopify,0,deny,manual,0.00,,true,true,"",,,,false,,,,,,,,,,,,,,,,,kg,,,draft
afiador-e-amolador-de-facas-eletrico-pilha-max-grinder,Afiador e Amolador de Facas Elétrico (Pilha) - Max Grinder,"<p>Este <strong>Afiador e Amolador Elétrico</strong> dará uma nova vida aos seus utensílios! <br> <meta charset=""utf-8""> Equipado com uma pedra de afiar de alta velocidade e classe profissional, o <strong>Amolador Elétrico - Max Grinder</strong> restaura a lâmina em apenas alguns segundos, de facas a tesouras e pequenas ferramentas manuais.</p>
<div style=""text-align: left;"" class=""tlid-results-container results-container"" data-mce-style=""text-align: center;""><a title=""Afiador e Amolador de Facas Elétrico (Pilha) - Max Grinder"" href=""https://viegaro.com/products/afiador-e-amolador-de-facas-eletrico""><img style=""float: none;"" height=""480x480"" width=""480x480"" src=""https://cdn.shopify.com/s/files/1/0453/9770/4859/files/unknown_480x480.jpg?v=1622129871"" alt=""Afiador e Amolador de Facas Elétrico (Pilha) - Max Grinder""></a></div>
<div>
<div><br></div>
<div><strong><span>CARACTERÍSTICAS DO PRODUTO:</span></strong></div>
<ul style=""text-align: center;"" data-mce-style=""text-align: center;"">
<li style=""text-align: left;"" data-mce-style=""text-align: left;"">
<b>Material: </b>ABS</li>
<li style=""text-align: left;"" data-mce-style=""text-align: left;"">
<b>Cor:</b> Verde</li>
<li style=""text-align: left;"" data-mce-style=""text-align: left;"">
<b>Tamanho: </b>14 cm x 8.7 cm x 6.5 cm</li>
<li style=""text-align: left;"" data-mce-style=""text-align: left;"">
<strong>Fonte de alimentação: </strong>4 pilhas AA (não incluídas)</li>
</ul>
<div style=""text-align: start;""> <a title=""Afiador e Amolador de Facas Elétrico (Pilha) - Max Grinder"" href=""https://viegaro.com/products/afiador-e-amolador-de-facas-eletrico""><img style=""float: none;"" height=""480x480"" width=""480x480"" src=""https://cdn.shopify.com/s/files/1/0280/6176/1610/files/2_480x480.jpg?v=1577517364"" alt=""Afiador e Amolador de Facas Elétrico (Pilha) - Max Grinder""></a><a href=""https://viegaro.com/products/afiador-e-amolador-de-facas-eletrico""> </a>
</div>
<p><strong>O PACOTE CONTÉM:</strong></p>
<ul>
<li>
<p>1x Amolador Elétrico</p>
</li>
</ul>
<p><meta charset=""utf-8""><strong>OBS: o afiador funciona no aperto do botão! Se parar de apertar o botão, ele desliga!</strong></p>
</div>",Viegaro,,Casa e Cozinha,"Afiador, Afiador de facas, Amolador, Amolador de facas, Casa e Cozinha",true,Title,Default Title,,,,,21526810,500000.0,,0,deny,manual,18.88,25.29,true,true,,https://cdn.shopify.com/s/files/1/0556/1794/5654/products/viegaro-afiador-e-amolador-de-facas-eletrico-pilha-max-grinder-casa-e-cozinha-31820224299163.jpg?v=1646174572,1,,false,,,,,,,,,,,,,,,,,g,,,active
afiador-e-amolador-de-facas-eletrico-pilha-max-grinder,,,,,,,,,,,,,,,,,,,,,,,,,https://cdn.shopify.com/s/files/1/0556/1794/5654/products/viegaro-afiador-e-amolador-de-facas-eletrico-pilha-max-grinder-casa-e-cozinha-31799367860379.jpg?v=1646174572,2,,,,,,,,,,,,,,,,,,,,,,
afiador-e-amolador-de-facas-eletrico-pilha-max-grinder,,,,,,,,,,,,,,,,,,,,,,,,,https://cdn.shopify.com/s/files/1/0556/1794/5654/products/viegaro-afiador-e-amolador-de-facas-eletrico-pilha-max-grinder-casa-e-cozinha-31799320281243.jpg?v=1646174572,3,,,,,,,,,,,,,,,,,,,,,,
alca-de-alongamento-fisioterapica,Alça de Alongamento Fisioterápica,"<meta charset=""UTF-8"">
<h3 data-mce-fragment=""1"" data-mce-style=""text-align: center;"">Apenas 30 minutos por dia diminua dores, lesões e tensões musculares com esta Alça de Alongamento Fisioterápica.</h3>
<div style=""text-align: start;""><a href=""https://viegaro.com/products/alca-de-alongamento-fisioterapica"" title=""Alça de Alongamento Fisioterápica""><img style=""float: none;"" alt=""Alça de Alongamento Fisioterápica"" src=""https://cdn.shopify.com/s/files/1/0453/9770/4859/files/1_8f2e57c6-a52c-49cd-9891-11a8e50dd89d_480x480.png?v=1623805296""></a></div>
<div style=""text-align: start;"">
<meta charset=""UTF-8"">
<div data-mce-fragment=""1""><b data-mce-fragment=""1"">ALONGUE E RENOVE SUA SAÚDE </b></div>
<div data-mce-fragment=""1""><b data-mce-fragment=""1""><br></b></div>
<div data-mce-fragment=""1""><b>Exercite 30 minutos diários você terá diversos benefícios:</b></div>
<div data-mce-fragment=""1"">
<span data-mce-fragment=""1"">• R</span><span data-mce-fragment=""1"">elaxamento do seu corpo e mente;</span>
</div>
<div data-mce-fragment=""1""><span data-mce-fragment=""1"">• Melhora sua qualidade de vida;</span></div>
<div data-mce-fragment=""1""><span data-mce-fragment=""1"">•Reduz a chance de lesões musculares e na coluna;</span></div>
<div data-mce-fragment=""1""><span data-mce-fragment=""1"">•Corrige a postura;</span></div>
<div data-mce-fragment=""1""><span data-mce-fragment=""1"">•Alivia as dores e tensões nas costas, pescoço e cabeça;</span></div>
<div data-mce-fragment=""1""><span data-mce-fragment=""1"">•Diminui o número de cãibras;</span></div>
<div data-mce-fragment=""1""><span data-mce-fragment=""1"">•Ativa a circulação sanguínea.</span></div>
</div>
<div style=""text-align: start;""><a href=""https://viegaro.com/products/alca-de-alongamento-fisioterapica"" title=""Alça de Alongamento Fisioterápica""><img src=""https://img.staticdj.com/9ad840d0274294d6415125068c0caee0.gif"" alt=""Alça de Alongamento Fisioterápica"" style=""float: none;""></a></div>
<div style=""text-align: start;"">
<meta charset=""UTF-8"">
<div style=""text-align: left;"" data-mce-fragment=""1""><b data-mce-fragment=""1"">FEITA<span> </span>PARA PESSOAS INICIANTES OU COM DIFICULDADE DE MOBILIDADE!</b></div>
<div style=""text-align: left;"" data-mce-fragment=""1""><b data-mce-fragment=""1""><br></b></div>
<div style=""text-align: left;"" data-mce-fragment=""1"">
<b data-mce-fragment=""1""> </b>Recomendada por especialistas, s<span style=""font-weight: 400;"" data-mce-fragment=""1"">eu design elaborado<span> </span>para<span> </span>pessoas com<span> </span>dificuldades para se alongar, ou que precisam<span> </span><strong>do auxílio de alguém.</strong> Mas também é indicado e recomendado para atletas, bailarinos, praticantes de yoga, pilates, musculação, etc.</span>
</div>
<div style=""text-align: left;"" data-mce-fragment=""1""><a href=""https://viegaro.com/products/alca-de-alongamento-fisioterapica"" title=""Alça de Alongamento Fisioterápica""><span style=""font-weight: 400;"" data-mce-fragment=""1""><img alt=""Alça de Alongamento Fisioterápica"" src=""https://cdn.shopify.com/s/files/1/0453/9770/4859/files/1_8ab88b46-f682-4f5e-80ef-cc8ddc3f50a6_480x480.png?v=1623805661""></span></a></div>
<div style=""text-align: left;"" data-mce-fragment=""1"">
<div><b>AUXILIA NO TRATAMENTO DE DIVERSOS PROBLEMAS</b></div>
<div><span>Problemas de postura, na coluna, pernas, quadril, ascite plantar, tendões de Aquiles tensos, tendinopatia de Aquiles, dor miofascial etc.</span></div>
<div>
<p style=""text-align: left;""><b>Problemas graves são causados pela falta de alongamento diário!</b></p>
<p style=""text-align: left;"">A tensão muscular entra em um modo rígido e curto, causando falta de amplitude de movimento, causando <strong>dores</strong> e <strong>lesões constantes</strong>.</p>
<p style=""text-align: left;""><b>O QUE FAZER:<span> </span></b>Havendo o<span style=""font-weight: 400;""> hábito saudável de fazer uso da <strong>Alça de Alongamento</strong> por 30 minutos diários, seus problemas podem sumir rapidamente. São apenas 30 minutos por dia para viver uma vida saudável e sem dores. </span></p>
<p style=""text-align: left;""><a href=""https://viegaro.com/products/alca-de-alongamento-fisioterapica"" title=""Alça de Alongamento Fisioterápica""><span style=""font-weight: 400;""><img alt=""Alça de Alongamento Fisioterápica"" src=""https://cdn.shopify.com/s/files/1/0453/9770/4859/files/1_64eabf72-77be-4041-8329-1e2705b5b301_480x480.jpg?v=1623806154""></span></a></p>
</div>
</div>
<div style=""text-align: center;"" data-mce-fragment=""1"">
<b data-mce-fragment=""1""></b>
<div style=""text-align: center;"" data-mce-fragment=""1"">
<meta charset=""UTF-8"">
<div style=""text-align: left;"" data-mce-fragment=""1""><b data-mce-fragment=""1"">FEITO PARA TRABALHAR A MUSCULATURA DO CORPO INTEIRO!</b></div>
<div style=""text-align: left;"" data-mce-fragment=""1"">
<b data-mce-fragment=""1""></b><span style=""font-weight: 400;"" data-mce-fragment=""1"">Você consegue alongar desde os pés até os braços, envolvendo movimento de todo corpo. Todo o auxilio é necessário para uma vida com o alongamento foi pensado e implementado na <strong>Alça de Alongamento Fisioterápica</strong>.  </span>
</div>
<div style=""text-align: left;"" data-mce-fragment=""1"">
<p> <br></p>
<p><b>DESIGN SUPER EXCLUSIVO</b></p>
<p><span style=""font-weight: 400;"">Feita de Material MultiLoop, é fabricada com reforço e trabalhada a mão. A Cinta Fisioterápica é feita de algodão e poliéster exclusivo. Seu material é resistente e respirável, ajudando na transpiração durante os exercícios e feito para suportar o uso extenso e intenso.</span></p>
<h3 style=""text-align: center;"">FAQ - Perguntas Frequentes</h3>
<p><b>1 - </b><b data-mce-fragment=""1""><span>Qual o tamanho? Quantos KG ela aguenta?</span></b></p>
<p><span style=""font-weight: 400;"">Aproximadamente 1m73cm, tem 8 alças, cada uma com 22cm e ela aguenta até 145kg.</span></p>
<p><b>2 - Serve para qualquer altura? </b></p>
<p>Sim, o tamanho da Cinta é ajustável, então, independente da sua altura, há fivela de regulagem.</p>
<p><b>3 - O tecido é resistente?</b></p>
<p>A Cinta é feita com material de algodão poliéster exclusivo. A base é resistente e respirável, ajudando na transpiração durante os exercícios e é construída para suportar o uso extenso e intenso.</p>
<p><b data-mce-fragment=""1"">4 -</b><b>Quais modos de alongamento?</b></p>
<p><span style=""font-weight: 400;"">Alongamento da fáscia plantar, pé, panturrilha, quadríceps, quadril, lombar, glúteos, entre outros grupos e regiões musculares.</span></p>
<p><b data-mce-fragment=""1"">4 - É lavável?</b><br></p>
<p><span style=""font-weight: 400;"">Sim, ela é lavável.  (Lavar à mão).</span></p>
</div>
</div>
</div>
</div>",Viegaro,,Cuidados com o Corpo,"Cuidados com o Corpo, Fisioterapia",true,Title,Default Title,,,,,27135454,500000.0,,0,deny,manual,26.24,36.97,true,true,,https://cdn.shopify.com/s/files/1/0556/1794/5654/products/viegaro-alca-de-alongamento-fisioterapica-cuidados-com-o-corpo-31121702781083.png?v=1646174575,1,,false,,,,,,,,,,,,,,,,,g,,,active
alca-de-alongamento-fisioterapica,,,,,,,,,,,,,,,,,,,,,,,,,https://cdn.shopify.com/s/files/1/0556/1794/5654/products/viegaro-alca-de-alongamento-fisioterapica-cuidados-com-o-corpo-31121702748315.jpg?v=1646174575,2,,,,,,,,,,,,,,,,,,,,,,
alca-de-alongamento-fisioterapica,,,,,,,,,,,,,,,,,,,,,,,,,https://cdn.shopify.com/s/files/1/0556/1794/5654/products/viegaro-alca-de-alongamento-fisioterapica-cuidados-com-o-corpo-31121702551707.jpg?v=1646174575,3,,,,,,,,,,,,,,,,,,,,,,
alongador-vertebral-e-massageador-de-lombar-colunapro,Alongador Vertebral e Massageador de Lombar - ColunaPro,"<meta charset=""utf-8"">
<p data-mce-style=""text-align: left;"">Você sente dores nas costas todos os dias?</p>
<p data-mce-style=""text-align: left;"">Dê um fim a isso com <strong>Alongador Vertebral e Massageador de Lombar - ColunaPro</strong></p>
<div style=""text-align: left;""><strong data-mce-fragment=""1""><a title=""Alongador Vertebral e Massageador de Lombar - ColunaPro"" href=""https://viegaro.com/products/colunapro-alongador-vertebral-e-massageador-de-lombar?_pos=1&amp;_sid=4388863a1&amp;_ss=r""><img style=""float: none;"" alt=""Alongador Vertebral e Massageador de Lombar - ColunaPro"" src=""https://elegancehomestore.com/wp-content/uploads/2021/03/Animated_GIF-downsized_large_16_large.gif""></a></strong></div>
<strong data-mce-fragment=""1""><a title=""Alongador Vertebral e Massageador de Lombar - ColunaPro"" href=""https://viegaro.com/products/colunapro-alongador-vertebral-e-massageador-de-lombar?_pos=1&amp;_sid=4388863a1&amp;_ss=r""> </a></strong>
<p> Se a sua coluna está com os discos desgastados ou comprimidos isso provavelmente deve estar te <strong data-mce-fragment=""1"">causando dores nas costas e lombar, flexibilidade reduzida e dificuldade para realizar certas atividades</strong>.</p>
<p data-mce-fragment=""1"">O aparelho de alongamento e descompressão<span data-mce-fragment=""1""> <strong>ColunaPro</strong></span><b data-mce-fragment=""1""> </b>foi projetado para corrigir esse problema alinhando e descomprimindo os discos da coluna,<span data-mce-fragment=""1""> </span><strong data-mce-fragment=""1"">aliviando as dores nas costas</strong>, melhorando a flexibilidade dos músculos vertebrais e estimulando a circulação para regeneração dos discos.</p>
<p data-mce-fragment=""1""><a title=""Alongador Vertebral e Massageador de Lombar - ColunaPro"" href=""https://viegaro.com/products/colunapro-alongador-vertebral-e-massageador-de-lombar?_pos=1&amp;_sid=4388863a1&amp;_ss=r""><img src=""https://cdn.shopify.com/s/files/1/0453/9770/4859/files/descompressor-coluna-lombar2_480x480_10fead38-1174-4f73-a170-f89ecce3d229_480x480.jpg?v=1623188757"" alt=""Alongador Vertebral e Massageador de Lombar - ColunaPro""></a> </p>
<div style=""text-align: start;"" data-mce-style=""text-align: start;"">
<p data-mce-fragment=""1""><strong>BENEFÍCIOS:</strong></p>
<ul>
<li>Combate as dores nas costas alongando a coluna e reduzindo a pressão nos discos vertebrais; </li>
<li>Melhora a circulação sanguínea hidratando a região e auxiliando na regeneração dos discos vertebrais afetados; </li>
<li>Combate a rigidez e melhora a flexibilidade, relaxando os ligamentos e músculos que sustentam a coluna vertebral;</li>
<li>Reduz a dor ciática e nas pernas descomprimindo a coluna vertebral para aliviar a pressão no nervo ciático;</li>
</ul>
<p><strong>MODO DE USAR: </strong></p>
<ol data-mce-fragment=""1"">
<li data-mce-fragment=""1""><span data-mce-fragment=""1"">Fixe o no chão, cadeira ou poltrona;</span></li>
<li data-mce-fragment=""1""><span data-mce-fragment=""1"">Ajuste o nível de acordo com sua necessidade (recomendamos que aumente gradativamente);</span></li>
<li data-mce-fragment=""1"">
<span data-mce-fragment=""1""></span>Deite-se ou encoste-se no alongador;</li>
<li data-mce-fragment=""1""><span data-mce-fragment=""1"">Use-o duas vezes ao dia de 5 a 10 minutos e desfrute dos resultados;</span></li>
</ol>
<p><span data-mce-fragment=""1""><a title=""Alongador Vertebral e Massageador de Lombar - ColunaPro"" href=""https://viegaro.com/products/colunapro-alongador-vertebral-e-massageador-de-lombar?_pos=1&amp;_sid=4388863a1&amp;_ss=r""><img src=""https://cdn.shopify.com/s/files/1/0453/9770/4859/files/back-stretching-device-site-06_large_ee65c211-1efe-4961-9da6-94589ca86cf1_480x480.jpg?v=1623188829"" alt=""Alongador Vertebral e Massageador de Lombar - ColunaPro""></a></span></p>
<p data-mce-fragment=""1""><strong>CARACTERÍSTICAS DO APARELHO:</strong></p>
<ul>
<li>Possui 3 níveis de ajuste para que se alinhe a sua necessidade;<br>
</li>
<li>Forte e durável, suportando até 200 quilos;<br>
</li>
<li>Portátil, leve na mochila ou na mala para o trabalho, academia e viagens;<br>
</li>
<li>Versátil, use na cadeira do escritório, no sofá, no carro ou no chão da sua casa;<br>
</li>
</ul>
<p data-mce-fragment=""1""><a title=""Alongador Vertebral e Massageador de Lombar - ColunaPro"" href=""https://viegaro.com/products/colunapro-alongador-vertebral-e-massageador-de-lombar?_pos=1&amp;_sid=4388863a1&amp;_ss=r""><img src=""https://cdn.shopify.com/s/files/1/0453/9770/4859/files/mb1_large_480x480_f208647e-f0f9-4e6f-837b-634c7d64f7d6_480x480.png?v=1623188869"" alt=""Alongador Vertebral e Massageador de Lombar - ColunaPro""></a></p>
</div>",Viegaro,,Cuidados com o Corpo,Saúde e Beleza,true,Cor,Azul,,,,,27389824,500000.0,,0,deny,manual,44.76,55.87,true,true,,https://cdn.shopify.com/s/files/1/0556/1794/5654/products/viegaro-colunapro-alongador-vertebral-e-massageador-de-lombar-saude-e-beleza-29155703980187.jpg?v=1646174579,1,,false,,,,,,,,,,,,,,,,https://cdn.shopify.com/s/files/1/0556/1794/5654/products/viegaro-colunapro-alongador-vertebral-e-massageador-de-lombar-saude-e-beleza-29155668656283.jpg?v=1646174579,g,,,active
alongador-vertebral-e-massageador-de-lombar-colunapro,,,,,,,,,Verde,,,,,22412821,500000.0,,0,deny,manual,44.76,55.87,true,true,,https://cdn.shopify.com/s/files/1/0556/1794/5654/products/viegaro-colunapro-alongador-vertebral-e-massageador-de-lombar-saude-e-beleza-29155668656283.jpg?v=1646174579,2,,,,,,,,,,,,,,,,,,https://cdn.shopify.com/s/files/1/0556/1794/5654/products/viegaro-colunapro-alongador-vertebral-e-massageador-de-lombar-saude-e-beleza-30677772796059.jpg?v=1646174579,g,,,
alongador-vertebral-e-massageador-de-lombar-colunapro,,,,,,,,,Roxo,,,,,26186116,500000.0,,0,deny,manual,44.76,55.87,true,true,,https://cdn.shopify.com/s/files/1/0556/1794/5654/products/viegaro-colunapro-alongador-vertebral-e-massageador-de-lombar-saude-e-beleza-29155746447515.jpg?v=1646174579,3,,,,,,,,,,,,,,,,,,https://cdn.shopify.com/s/files/1/0556/1794/5654/products/viegaro-colunapro-alongador-vertebral-e-massageador-de-lombar-saude-e-beleza-29155746447515.jpg?v=1646174579,g,,,
alongador-vertebral-e-massageador-de-lombar-colunapro,,,,,,,,,,,,,,,,,,,,,,,,,https://cdn.shopify.com/s/files/1/0556/1794/5654/products/viegaro-colunapro-alongador-vertebral-e-massageador-de-lombar-saude-e-beleza-30677772796059.jpg?v=1646174579,4,,,,,,,,,,,,,,,,,,,,,,
afiador-de-facas-myvit,Afiador de Facas - MYVIT,"<h3 style=""text-align: left;"" data-mce-style=""text-align: left;"">
<a title=""Afiador de Facas - MYVIT"" href=""https://viegaro.com/collections/casa-e-cozinha/products/afiador-de-facas-myvit""> <img src=""https://cdn.shopify.com/s/files/1/0453/9770/4859/files/Produto_255.png?v=1642686179"" alt="""" style=""float: none;""><img alt="""" src=""https://cdn.shopify.com/s/files/1/0453/9770/4859/files/2_826207ba-6c52-4a64-82d2-bebacd479ad6.png?v=1642683630"" style=""float: none;""><img alt="""" src=""https://cdn.shopify.com/s/files/1/0453/9770/4859/files/3_7eef6e43-a81c-46e1-86e9-417365584d70.png?v=1642683637"" style=""float: none;""><img alt="""" src=""https://cdn.shopify.com/s/files/1/0453/9770/4859/files/4_4d5cb274-6ffd-4b67-ba66-c62a16bb09d2.png?v=1642683647"" style=""float: none;""><img alt="""" src=""https://cdn.shopify.com/s/files/1/0453/9770/4859/files/5_115853dc-c2b6-45e5-81e0-2906048beaf7.png?v=1642683655"" style=""float: none;""></a>Suas facas podem ter aquele corte preciso que você vê na TV</h3>
<p>Você não precisa ser um<span> </span><em>grand chef de cuisine<span> </span></em>para dominar o uso de<span> facas </span>bem afiadas. Por mais contraditório, afiá-las torna o<span> <strong>cozinhar </strong></span>mais seguro e a refeição mais apetitosa. Isso porque, mediante a uma variedade de ingredientes, existem inúmeras texturas e, para elas, uma lâmina específica.</p>
<p>Quando cego, o fio da faca, ao invés de cortar os alimentos com exatidão, os esmaga. E, a partir disso, os tomates podem perder seus sucos, as<span> carnes</span><span> </span>quebrarem suas fibras e, até mesmo, as cebolas se oxidarem.<span> Por isso, ter um afiador de facas em casa pode ser essencial para te livrar dessa dor de cabeça diária.</span></p>
<p><span>Vale ressaltar que <strong>o nosso afiador de facas</strong> tem um <strong>design ergonômico</strong> para ter mais segurança, resistência e durabilidade, além de facilitar o uso.</span></p>
<p><span>Não vai ficar de fora, né?!</span></p>
<p><em><strong>Garanta já!</strong></em></p>
<h3 style=""text-align: left;"" data-mce-fragment=""1"" data-mce-style=""text-align: left;"">Especificações:</h3>
<ul class=""product-specs-list util-clearfix"">
<li class=""product-prop line-limit-length"">
<strong> <span class=""property-title"" data-spm-anchor-id=""a2g0o.detail.0.i8.7c76574faSRLY3"">Nome da marca: </span></strong><span class=""property-desc line-limit-length"" title=""MYVIT"">MYVIT</span>
</li>
<li class=""product-prop line-limit-length""><span class=""property-title""><strong>Característica:</strong> B<span data-mce-fragment=""1"">otão de ângulo ajustável (14° à 24°), mais base de estabilidade ao afiar sua faca.</span></span></li>
<li class=""product-prop line-limit-length""><span class=""property-title""><strong>Tipo de metal: </strong>Aço Inoxidável</span></li>
<li class=""product-prop line-limit-length"">
<strong><span class=""property-title"">Material: </span></strong><span class=""property-title"">Plástico ABS + TPR</span>
</li>
<li class=""product-prop line-limit-length""><span class=""property-title""><strong>Material do entalhe:</strong> Tungstênio, Diamante, Cerâmica</span></li>
</ul>
<h4><span class=""property-title""><span style=""color: #f90000;"">Nota:</span> <strong>Ajustar o ângulo direito antes de usar.</strong></span></h4>
<p><span class=""property-title""><span><strong>Facas de filé</strong> = 16°</span><br><span><strong>Facas de cozinha</strong> = 20°</span><br><span><strong>Facas de bolso</strong> = 20°</span><br><span><strong>Facas de caça</strong> = 22°</span><br><span><strong>Cutelo</strong> = 24°</span></span></p>",Viegaro,,Casa e Cozinha,"Afiador de facas, afiador de facas como usar, afiador de facas diamantado tramontina, afiador de facas e tesouras, afiador de facas eletrico, afiador de facas manual, afiador de facas mor, afiador de facas profissional, afiador de facas tramontina, afiador de facas zwilling, afiadores de facas, como usar o afiador de facas, melhor afiador de facas, melhor afiador de facas elétrico, qual o melhor afiador de facas profissional",true,Cor,Preto,,,,,"",500000.0,,0,deny,manual,44.11,72.81,true,true,,https://cdn.shopify.com/s/files/1/0556/1794/5654/products/viegaro-afiador-de-facas-myvit-casa-e-cozinha-36502518038764.jpg?v=1646174583,1,,false,,,,,,,,,,,,,,,,https://cdn.shopify.com/s/files/1/0556/1794/5654/products/viegaro-afiador-de-facas-myvit-casa-e-cozinha-36502518038764.jpg?v=1646174583,g,,,active
afiador-de-facas-myvit,,,,,,,,,Preto c/ Vermelho,,,,,"",500000.0,,0,deny,manual,44.11,72.81,true,true,,https://cdn.shopify.com/s/files/1/0556/1794/5654/products/viegaro-afiador-de-facas-myvit-casa-e-cozinha-36502497722604.jpg?v=1646174583,2,,,,,,,,,,,,,,,,,,https://cdn.shopify.com/s/files/1/0556/1794/5654/products/viegaro-afiador-de-facas-myvit-casa-e-cozinha-36502497657068.jpg?v=1646174583,g,,,
afiador-de-facas-myvit,,,,,,,,,Cinza c/ Vermelho,,,,,"",500000.0,,0,deny,manual,44.11,72.81,true,true,,https://cdn.shopify.com/s/files/1/0556/1794/5654/products/viegaro-afiador-de-facas-myvit-casa-e-cozinha-36502497657068.jpg?v=1646174583,3,,,,,,,,,,,,,,,,,,https://cdn.shopify.com/s/files/1/0556/1794/5654/products/viegaro-afiador-de-facas-myvit-casa-e-cozinha-36502543532268.jpg?v=1646174583,g,,,
afiador-de-facas-myvit,,,,,,,,,,,,,,,,,,,,,,,,,https://cdn.shopify.com/s/files/1/0556/1794/5654/products/viegaro-afiador-de-facas-myvit-casa-e-cozinha-36502543532268.jpg?v=1646174583,4,,,,,,,,,,,,,,,,,,,,,,
abridor-de-potes,Abridor de Potes,"<h3 style=""text-align: left;"" data-mce-fragment=""1"" data-mce-style=""text-align: left;"">
<a href=""https://viegaro.com/collections/casa-e-cozinha/products/abridor-de-potes"" title=""Abridor de Potes""> <img style=""float: none;"" alt="""" src=""https://cdn.shopify.com/s/files/1/0453/9770/4859/files/1_f2e1b9f5-a106-4dc2-afcb-b937949429ee.png?v=1642801060"" data-mce-fragment=""1"" data-mce-src=""https://cdn.shopify.com/s/files/1/0453/9770/4859/files/1_f2e1b9f5-a106-4dc2-afcb-b937949429ee.png?v=1642801060"" data-mce-style=""float: none;""><img style=""float: none;"" src=""https://cdn.shopify.com/s/files/1/0453/9770/4859/files/2_af2328ec-e23e-477d-9d8a-19e3ac86ab05.png?v=1642801072"" data-mce-fragment=""1"" data-mce-style=""float: none;"" data-mce-src=""https://cdn.shopify.com/s/files/1/0453/9770/4859/files/2_af2328ec-e23e-477d-9d8a-19e3ac86ab05.png?v=1642801072""><img style=""float: none;"" src=""https://cdn.shopify.com/s/files/1/0453/9770/4859/files/3_2ef34a0d-7b2e-4dcf-b350-8eb142bd908e.png?v=1642801081"" data-mce-fragment=""1"" data-mce-style=""float: none;"" data-mce-src=""https://cdn.shopify.com/s/files/1/0453/9770/4859/files/3_2ef34a0d-7b2e-4dcf-b350-8eb142bd908e.png?v=1642801081""><img style=""float: none;"" src=""https://cdn.shopify.com/s/files/1/0453/9770/4859/files/4_d23d77b7-641e-4bd2-90ed-e18be0144d24.png?v=1642801089"" data-mce-fragment=""1"" data-mce-style=""float: none;"" data-mce-src=""https://cdn.shopify.com/s/files/1/0453/9770/4859/files/4_d23d77b7-641e-4bd2-90ed-e18be0144d24.png?v=1642801089""></a>Especificações:</h3>
<ul>
<li class=""product-prop line-limit-length"">
<strong>Tipo:</strong> <span class=""property-desc line-limit-length"" title=""Abridores"">Abridor de Potes</span>
</li>
<li class=""product-prop line-limit-length"">
<span class=""property-title""><strong>Tipo de metal:</strong> </span><span class=""property-desc line-limit-length"" title=""STAINLESS STEEL"">Aço Inoxidável</span>
</li>
<li class=""product-prop line-limit-length""><span class=""property-desc line-limit-length"" title=""STAINLESS STEEL""><strong>Cor:</strong> Prata</span></li>
<li class=""product-prop line-limit-length""><span class=""property-desc line-limit-length"" title=""STAINLESS STEEL""><span><strong>Tamanho:</strong> 19.5x3.0x0.8cm</span></span></li>
<li class=""product-prop line-limit-length""><span class=""property-desc line-limit-length"" title=""STAINLESS STEEL""><span><strong>Peso líquido:</strong> 100.0g</span></span></li>
</ul>
<h3 style=""text-align: left;"" data-mce-fragment=""1"" data-mce-style=""text-align: left;"">Características:</h3>
<p style=""text-align: left;"" data-mce-fragment=""1"" data-mce-style=""text-align: left;""><strong>Alça humanizada: </strong><span>O abridor adota um design de alça humanizado, com aparência requintada, moagem suave e sensação confortável. <br></span><span><strong>Fácil de usar: </strong></span><span>Primeiro ajuste a parte frontal do abridor ao tamanho da tampa do pote e, em seguida, pressione a alça para abrir a tampa facilmente.</span><span><br></span><span><strong>Universal e ajustável: </strong>O<strong> </strong></span><span>mandril ajustável, apropriado para tampas de Potes com um diâmetro de 0.5-11.2cm.<br></span><span><strong>Durável: </strong>F</span><span>eito de material de aço inoxidável de alta qualidade, que é durável e resistente à corrosão.</span></p>",Viegaro,,Casa e Cozinha,"abridor de garrafa, abridor de potes automatico, abridor de potes de conserva, abridor de potes de vidro, abridor de potes e garrafas, abridor de potes eletrico, abridor de potes tupperware, abridor de tampa, abridor de tampa de vidro, abridor de tampas de potes de vidro, abridor de tampas e potes, abridor de tampas universal",true,Title,Default Title,,,,,"",500000.0,,0,deny,manual,36.01,,true,true,,https://cdn.shopify.com/s/files/1/0556/1794/5654/products/viegaro-abridor-de-potes-36516832674028.jpg?v=1646174587,1,,false,,,,,,,,,,,,,,,,,g,,,active
abridor-de-potes,,,,,,,,,,,,,,,,,,,,,,,,,https://cdn.shopify.com/s/files/1/0556/1794/5654/products/viegaro-abridor-de-potes-36516848926956.jpg?v=1646174587,2,,,,,,,,,,,,,,,,,,,,,,
abridor-de-potes,,,,,,,,,,,,,,,,,,,,,,,,,https://cdn.shopify.com/s/files/1/0556/1794/5654/products/viegaro-abridor-de-potes-36516859740396.jpg?v=1646174587,3,,,,,,,,,,,,,,,,,,,,,,
abridor-de-potes,,,,,,,,,,,,,,,,,,,,,,,,,https://cdn.shopify.com/s/files/1/0556/1794/5654/products/viegaro-abridor-de-potes-36516873371884.jpg?v=1646174587,4,,,,,,,,,,,,,,,,,,,,,,
adaptador-hub-usb-e-usb-tipo-c-4-saidas-usb-3-0,Adaptador HUB USB e USB Tipo C - 4 Saídas USB 3.0,"<h3 style=""text-align: center;"" data-mce-style=""text-align: center;"">Aumente a capacidade de entradas USB do seu dispositivo com esse HUB!</h3>
<p>Se você sente necessidade de <strong>aumentar a capacidade</strong> de entradas em seu computador, notebook este HUB é recomendado para você! com sistema de <strong>plug'n'play</strong> sem necessidade de instalação de driver.</p>
<div style=""text-align: start;"" data-mce-style=""text-align: start;""><a href=""https://viegaro.com/products/adaptador-hub-usb-3-0-e-usb-tipo-c-para-computadores"" title=""Adaptador HUB USB e USB Tipo C para Computadores""><img style=""float: none;"" src=""https://cdn.shopify.com/s/files/1/0453/9770/4859/files/Adaptador-usb-tipo-c-hub-3-0-3-1-4-portas-m-ltiplas-divisor-otg-para.jpg?v=1630539321"" alt=""Adaptador HUB USB e USB Tipo C para Computadores""></a></div>
<h3><span>BENEFÍCIOS:</span></h3>
<p><strong>Fácil expansão:</strong> com o hub USB 4 em 1, você pode facilmente conectar dispositivos como mouses, teclados, leitores de cartões, disco U, discos rígidos, ventoinha USB/umidificador, impressoras ao seu laptop ou computador de mesa. Com um total de 4 portas USB que podem ser usadas simultaneamente.</p>
<p><strong>Transferência de dados de alta velocidade:</strong> com uma velocidade de transmissão de até 5 Gbps (USB 3.0), rápido o suficiente para transferir rapidamente um filme de alta definição e um arquivo grande. Design de micro fonte de alimentação, que pode acionar discos rígidos de 4 TB quando você conecta.</p>
<h3><span>FICHA TÉCNICA: </span></h3>
<div>
<strong>Material:</strong> Liga de alumínio-magnésio<br><b>Tamanho do cabo:</b> 17cm</div>
<div><span><strong>Sistemas suportados:</strong> Windows 2000/2003/ME/XP/Vista/Win 7/8/10 ou Mac OS 8.1 ou superior.</span></div>
<div><span><br></span></div>
<h3><strong><span>INCLUSO NO PACOTE:</span></strong></h3>
<div data-spm-anchor-id=""a2g0o.detail.1000023.i3.2ca24a24WjPfop""><span>1 x tipo c/usb para 1usb 3.0 3 * hub usb 2.0</span></div>",Viegaro,,Diversos,"Acessórios, Diversos, Eletrônicos, HUB Usb",true,Cor,Prata,Cabo,USB,,,24486752,500000.0,,0,deny,manual,18.84,28.61,true,true,,https://cdn.shopify.com/s/files/1/0556/1794/5654/products/viegaro-adaptador-hub-usb-e-usb-tipo-c-para-computadores-32333814792347.png?v=1646174592,1,,false,,,,,,,,,,,,,,,,https://cdn.shopify.com/s/files/1/0556/1794/5654/products/viegaro-adaptador-hub-usb-e-usb-tipo-c-para-computadores-diversos-32333841727643.png?v=1646174592,g,,,active
adaptador-hub-usb-e-usb-tipo-c-4-saidas-usb-3-0,,,,,,,,,Prata,,Tipo C,,,21158165,500000.0,,0,deny,manual,18.84,28.61,true,true,,https://cdn.shopify.com/s/files/1/0556/1794/5654/products/viegaro-adaptador-hub-usb-e-usb-tipo-c-para-computadores-diversos-32333824327835.png?v=1646174592,2,,,,,,,,,,,,,,,,,,https://cdn.shopify.com/s/files/1/0556/1794/5654/products/viegaro-adaptador-hub-usb-e-usb-tipo-c-para-computadores-diversos-32333824327835.png?v=1646174592,g,,,
adaptador-hub-usb-e-usb-tipo-c-4-saidas-usb-3-0,,,,,,,,,Cinza,,USB,,,27967681,500000.0,,0,deny,manual,18.84,28.61,true,true,,https://cdn.shopify.com/s/files/1/0556/1794/5654/products/viegaro-adaptador-hub-usb-e-usb-tipo-c-para-computadores-diversos-32333841727643.png?v=1646174592,3,,,,,,,,,,,,,,,,,,https://cdn.shopify.com/s/files/1/0556/1794/5654/products/viegaro-adaptador-hub-usb-e-usb-tipo-c-para-computadores-32333814792347.png?v=1646174592,g,,,
adaptador-hub-usb-e-usb-tipo-c-4-saidas-usb-3-0,,,,,,,,,Cinza,,Tipo C,,,23056221,500000.0,,0,deny,manual,18.84,28.61,true,true,,https://cdn.shopify.com/s/files/1/0556/1794/5654/products/viegaro-adaptador-hub-usb-e-usb-tipo-c-para-computadores-diversos-32333814857883.png?v=1646174592,4,,,,,,,,,,,,,,,,,,https://cdn.shopify.com/s/files/1/0556/1794/5654/products/viegaro-adaptador-hub-usb-e-usb-tipo-c-para-computadores-diversos-32333814857883.png?v=1646174592,g,,,
almofada-para-banheira-de-hidromassagem,Almofada para Banheira de Hidromassagem,"<div class=""card__section"">
<div class=""rte text--pull"" style=""text-align: start;"">
<p style=""text-align: left;"">Obtenha a verdadeira experiência de spa de luxo em casa com esta <b>Almofada para Banheira.</b><br></p>
<p><span><meta charset=""utf-8"">Relaxe e descontraia após um dia estressante no trabalho. </span></p>
<p>Usando a Almofada o seu banho de hidromassagem ficará muito mais confortável. </p>
<p><a href=""https://viegaro.com/products/almofada-para-banheira-de-hidromassagem?_pos=1&amp;_sid=8cafdd5c1&amp;_ss=r"" title=""Almofada para Banheira de Hidromassagem""><img alt=""Almofada para Banheira de Hidromassagem"" src=""https://cdn.shopify.com/s/files/1/0453/9770/4859/files/almofada-de-banheira-de-spa-product-proxima-oferta-6_1600x_fbbfa376-dad4-40cd-985e-c77592992e76_480x480.jpg?v=1618518485"" style=""margin-right: 28px; margin-left: 28px; float: none;"" width=""480x480"" height=""480x480""></a></p>
<p><strong>Principais Características:</strong></p>
<ul>
<li>Material respirável de malha acolchoada 3D</li>
<li>Com 6 ventosas para proporcionar uma aderência forte</li>
<li>A função elástica proporciona um bom suporte</li>
<li>Adequada para muitos formatos e tamanhos de banheira</li>
<li>Fácil de limpar e rápida para secar</li>
<li>Lavável na máquina</li>
</ul>
<p><a href=""https://viegaro.com/products/almofada-para-banheira-de-hidromassagem?_pos=1&amp;_sid=8cafdd5c1&amp;_ss=r"" title=""Almofada para Banheira de Hidromassagem""><img src=""https://cdn.shopify.com/s/files/1/0453/9770/4859/files/almofada-de-banheira-de-spa-product-proxima-oferta-5_600x_954df452-79ff-4aee-af5e-d82505b4ef5c_480x480.jpg?v=1618518517"" alt=""Almofada para Banheira de Hidromassagem"" style=""margin-right: 28px; margin-left: 28px; float: none;"" data-mce-fragment=""1"" width=""480x480"" height=""480x480"" data-mce-src=""https://cdn.shopify.com/s/files/1/0453/9770/4859/files/almofada-de-banheira-de-spa-product-proxima-oferta-5_600x_954df452-79ff-4aee-af5e-d82505b4ef5c_480x480.jpg?v=1618518517""></a> </p>
<p><strong>Especificações:</strong></p>
<div class=""table-wrapper"">
<table width=""100%"" class=""table table-striped table-bordered same-width"">
<tbody>
<tr>
<td>Tamanho do Produto</td>
<td>Almofada inteira: 35 x 35 cm<br>Apoio da cabeça: 35 x 8 cm</td>
</tr>
<tr>
<td>Peso do Produto</td>
<td>410 g</td>
</tr>
<tr>
<td>Componentes do Pacote</td>
<td>1 x Almofada para Banheira </td>
</tr>
<tr>
<td>Cor do Produto</td>
<td>Branco</td>
</tr>
</tbody>
</table>
</div>
<!--amp.product-description.start--<p><strong>Descrição:</strong></p>
<p>Melhore o seu tempo de banho com o máximo conforto, usando esta Almofada de Banheira de Spa. Relaxe e descontraia após um dia estressante no trabalho. Obtenha a verdadeira experiência de spa de luxo em casa.</p>
<p>&nbsp;</p>
<p><strong>Principais Características:</strong></p>
<ul>
<li>Material respirável de malha acolchoada 3D</li>
<li>Com 6 ventosas para proporcionar uma aderência forte</li>
<li>A função elástica proporciona um bom suporte</li>
<li>Adequada para muitos formatos e tamanhos de banheira</li>
<li>Fácil de limpar e rápida para secar</li>
<li>Lavável na máquina</li>
</ul>
<p>&nbsp;</p>
<p><strong>Especificações:</strong></p>
<table class=""table table-striped table-bordered same-width"" width=""100%"">
<tbody>
<tr>
<td>Tamanho do Produto</td>
<td>Almofada inteira: 35 x 35 cm<br>Apoio da cabeça: 35 x 8 cm</td>
</tr>
<tr>
<td>Peso do Produto</td>
<td>410 g</td>
</tr>
<tr>
<td>Componentes do Pacote</td>
<td>1 x Almofada de Banheira de Spa</td>
</tr>
<tr>
<td>Cor do Produto</td>
<td>Branco</td>
</tr>
</tbody>
</table>--amp.product-description.end-->
</div>
</div>",Viegaro,,Casa e Cozinha,"Almofada Banheira de Hidromassagem, Almofada para Banheira, Almofada para Banheira de Hidromassagem, Almofada para Hidromassagem, Casa e Cozinha",true,Title,Default Title,,,,,29724073,500000.0,,0,deny,manual,52.54,58.40,true,true,,https://cdn.shopify.com/s/files/1/0556/1794/5654/products/viegaro-almofada-para-banheira-de-hidromassagem-casa-e-cozinha-30671938945179.jpg?v=1646174596,1,,false,,,,,,,,,,,,,,,,,g,,,active
almofada-para-banheira-de-hidromassagem,,,,,,,,,,,,,,,,,,,,,,,,,https://cdn.shopify.com/s/files/1/0556/1794/5654/products/viegaro-almofada-para-banheira-de-hidromassagem-casa-e-cozinha-30671957262491.jpg?v=1646174596,2,,,,,,,,,,,,,,,,,,,,,,
almofada-para-banheira-de-hidromassagem,,,,,,,,,,,,,,,,,,,,,,,,,https://cdn.shopify.com/s/files/1/0556/1794/5654/products/viegaro-almofada-para-banheira-de-hidromassagem-casa-e-cozinha-30671961686171.jpg?v=1646174596,3,,,,,,,,,,,,,,,,,,,,,,
adaptador-bluetooth-usb-ugreen,Adaptador Bluetooth USB - uGreen,"<p style=""text-align: center;"" data-mce-style=""text-align: center;""><strong>Adaptador USB bluetooth 5.0</strong></p>
<p align=""center""><span>Receba e transmita música em tempo real através da tecnologia do Bluetooth 5.0.</span></p>
<p align=""center""><span><meta charset=""utf-8"">Conecte periféricos a seu PC com conexão responsiva e sem demora.</span> <a href=""https://viegaro.com/products/adaptador-bluetooth-usb-ugreen"" title=""Adaptador Bluetooth USB - uGreen"" style=""font-family: -apple-system, BlinkMacSystemFont, 'San Francisco', 'Segoe UI', Roboto, 'Helvetica Neue', sans-serif; font-size: 1.4em;"" data-mce-href=""https://viegaro.com/products/adaptador-bluetooth-usb-ugreen""><img alt="""" src=""https://cdn.shopify.com/s/files/1/0453/9770/4859/files/1-main-ugreen-adaptador-dongle-usb-bluetooth-50-aptx-alto-falante-sem-fio-receptor-e-transmissor-de-musica.png?v=1631227280"" data-mce-src=""https://cdn.shopify.com/s/files/1/0453/9770/4859/files/1-main-ugreen-adaptador-dongle-usb-bluetooth-50-aptx-alto-falante-sem-fio-receptor-e-transmissor-de-musica.png?v=1631227280""></a></p>
<p align=""center""><a href=""https://viegaro.com/products/adaptador-bluetooth-usb-ugreen"" title=""Adaptador Bluetooth USB - uGreen"" data-mce-href=""https://viegaro.com/products/adaptador-bluetooth-usb-ugreen""><span><img alt=""Adaptador Blueetoth USB - uGreen"" src=""https://cdn.shopify.com/s/files/1/0453/9770/4859/files/2-main-ugreen-adaptador-dongle-usb-bluetooth-50-aptx-alto-falante-sem-fio-receptor-e-transmissor-de-musica.png?v=1631227318"" data-mce-src=""https://cdn.shopify.com/s/files/1/0453/9770/4859/files/2-main-ugreen-adaptador-dongle-usb-bluetooth-50-aptx-alto-falante-sem-fio-receptor-e-transmissor-de-musica.png?v=1631227318""></span></a></p>
<p align=""center""><a href=""https://viegaro.com/products/adaptador-bluetooth-usb-ugreen"" title=""Adaptador Bluetooth USB - uGreen"" data-mce-href=""https://viegaro.com/products/adaptador-bluetooth-usb-ugreen""><span><img alt=""Adaptador Blueetoth USB - uGreen"" src=""https://cdn.shopify.com/s/files/1/0453/9770/4859/files/12-descript-ugreen-adaptador-dongle-usb-bluetooth-50-aptx-alto-falante-sem-fio-receptor-e-transmissor-de-musica.png?v=1631227353"" data-mce-src=""https://cdn.shopify.com/s/files/1/0453/9770/4859/files/12-descript-ugreen-adaptador-dongle-usb-bluetooth-50-aptx-alto-falante-sem-fio-receptor-e-transmissor-de-musica.png?v=1631227353""></span></a> </p>
<p align=""center""><span><a href=""https://viegaro.com/products/adaptador-bluetooth-usb-ugreen"" title=""Adaptador Bluetooth USB - uGreen"" data-mce-href=""https://viegaro.com/products/adaptador-bluetooth-usb-ugreen""><img alt=""Adaptador Blueetoth USB - uGreen"" src=""https://cdn.shopify.com/s/files/1/0453/9770/4859/files/3-main-ugreen-adaptador-dongle-usb-bluetooth-50-aptx-alto-falante-sem-fio-receptor-e-transmissor-de-musica.png?v=1631227409"" style=""float: none;"" data-mce-src=""https://cdn.shopify.com/s/files/1/0453/9770/4859/files/3-main-ugreen-adaptador-dongle-usb-bluetooth-50-aptx-alto-falante-sem-fio-receptor-e-transmissor-de-musica.png?v=1631227409"" data-mce-style=""float: none;""><strong><i><img alt=""Adaptador Blueetoth USB - uGreen"" src=""https://cdn.shopify.com/s/files/1/0453/9770/4859/files/10-descript-ugreen-adaptador-dongle-usb-bluetooth-50-aptx-alto-falante-sem-fio-receptor-e-transmissor-de-musica.png?v=1631227437"" data-mce-src=""https://cdn.shopify.com/s/files/1/0453/9770/4859/files/10-descript-ugreen-adaptador-dongle-usb-bluetooth-50-aptx-alto-falante-sem-fio-receptor-e-transmissor-de-musica.png?v=1631227437""></i></strong></a></span> <a href=""https://viegaro.com/products/adaptador-bluetooth-usb-ugreen"" title=""Adaptador Bluetooth USB - uGreen"" data-mce-href=""https://viegaro.com/products/adaptador-bluetooth-usb-ugreen""><strong><img alt=""Adaptador Blueetoth USB - uGreen"" src=""https://cdn.shopify.com/s/files/1/0453/9770/4859/files/11-descript-ugreen-adaptador-dongle-usb-bluetooth-50-aptx-alto-falante-sem-fio-receptor-e-transmissor-de-musica.png?v=1631227460"" data-mce-src=""https://cdn.shopify.com/s/files/1/0453/9770/4859/files/11-descript-ugreen-adaptador-dongle-usb-bluetooth-50-aptx-alto-falante-sem-fio-receptor-e-transmissor-de-musica.png?v=1631227460""></strong></a></p>
<p align=""center""><span mce-data-marked=""1""><a title=""Adaptador Bluetooth USB - uGreen"" href=""https://viegaro.com/products/adaptador-bluetooth-usb-ugreen""><img alt=""Adaptador Blueetoth USB - uGreen"" src=""https://cdn.shopify.com/s/files/1/0453/9770/4859/files/13-descript-ugreen-adaptador-dongle-usb-bluetooth-50-aptx-alto-falante-sem-fio-receptor-e-transmissor-de-musica.png?v=1631227480"" data-mce-src=""https://cdn.shopify.com/s/files/1/0453/9770/4859/files/13-descript-ugreen-adaptador-dongle-usb-bluetooth-50-aptx-alto-falante-sem-fio-receptor-e-transmissor-de-musica.png?v=1631227480""></a> <a title=""Adaptador Bluetooth USB - uGreen"" href=""https://viegaro.com/products/adaptador-bluetooth-usb-ugreen""><img data-mce-fragment=""1"" src=""https://cdn.shopify.com/s/files/1/0453/9770/4859/files/14-descript-ugreen-adaptador-dongle-usb-bluetooth-50-aptx-alto-falante-sem-fio-receptor-e-transmissor-de-musica.png?v=1631227512"" alt=""Adaptador Blueetoth USB - uGreen"" data-mce-src=""https://cdn.shopify.com/s/files/1/0453/9770/4859/files/14-descript-ugreen-adaptador-dongle-usb-bluetooth-50-aptx-alto-falante-sem-fio-receptor-e-transmissor-de-musica.png?v=1631227512""></a></span></p>
<h3 style=""text-align: left;"" align=""center"" data-mce-style=""text-align: left;""><span>OBS:</span></h3>
<p style=""text-align: left;"" align=""center"" data-mce-style=""text-align: left;""><span>Apenas a versão do bluetooth 4.0 suporta o formato de decodificação aptx no sistema win 10, a versão bluetooth 5.0 não oferece suporte ao formato de decodificação aptx.</span></p>
<p> </p>
<h3 style=""text-align: start;"" data-mce-style=""text-align: start;"">ESPECIFICAÇÕES TÉCNICAS:<br>
</h3>
<strong>Nome da marca:</strong> UGREEN<br><strong>Modelo nº:</strong> US390<br><strong>Nome do produto:</strong> Adaptador Blueetoth USB - uGreen<br><strong>Versão Bluetooth:</strong> 5.0<br><strong>Chip:</strong> RTL8761BUV<br><strong>Distância de transmissão:</strong> 3OM (sem obstáculo)<br><strong>Protocolo compatível:</strong> A2DP. H2DP. HSP. AVRCP. HID<br><strong>Decodificação de áudio:</strong> SBC<br><strong>Peso líquido:</strong> 4g
<p style=""text-align: start;"" data-mce-style=""text-align: start;""><strong>Tamanho:</strong><span> 24mmx13,5mm</span></p>
<h3 style=""text-align: start;"" data-mce-style=""text-align: start;""><strong>INCLUSO NA CAIXA:</strong></h3>
<p style=""text-align: start;"" data-mce-style=""text-align: start;"">Adaptador Bluetooth USB - uGreen</p>",Viegaro,,Eletrônicos,"Acessórios, Adaptador, Adaptador Blueetoth USB - uGreen, Adaptador bluetooth, Eletrônicos, música, receptor, transmissor, uGreen, USB",true,Bluetooth,5.0,Cor,Preto,,,32065323,500000.0,,0,deny,manual,18.67,25.31,true,true,,https://cdn.shopify.com/s/files/1/0556/1794/5654/products/viegaro-adaptador-blueetoth-usb-ugreen-eletronicos-32437458993307.png?v=1646174601,1,,false,,,,,,,,,,,,,,,,https://cdn.shopify.com/s/files/1/0556/1794/5654/products/viegaro-adaptador-blueetoth-usb-ugreen-eletronicos-32437474558107.png?v=1646174601,g,,,active
adaptador-bluetooth-usb-ugreen,,,,,,,,,4.0,,Preto,,,32065324,500000.0,,0,deny,manual,18.67,25.31,true,true,,https://cdn.shopify.com/s/files/1/0556/1794/5654/products/viegaro-adaptador-blueetoth-usb-ugreen-eletronicos-32437474558107.png?v=1646174601,2,,,,,,,,,,,,,,,,,,https://cdn.shopify.com/s/files/1/0556/1794/5654/products/viegaro-adaptador-blueetoth-usb-ugreen-eletronicos-32437478883483.png?v=1646174601,g,,,
adaptador-bluetooth-usb-ugreen,,,,,,,,,4.0,,Branco,,,32065325,500000.0,,0,deny,manual,18.67,25.31,true,true,,https://cdn.shopify.com/s/files/1/0556/1794/5654/products/viegaro-adaptador-blueetoth-usb-ugreen-eletronicos-32437478883483.png?v=1646174601,3,,,,,,,,,,,,,,,,,,https://cdn.shopify.com/s/files/1/0556/1794/5654/products/viegaro-adaptador-blueetoth-usb-ugreen-eletronicos-32437482553499.png?v=1646174601,g,,,
adaptador-bluetooth-usb-ugreen,,,,,,,,,,,,,,,,,,,,,,,,,https://cdn.shopify.com/s/files/1/0556/1794/5654/products/viegaro-adaptador-blueetoth-usb-ugreen-eletronicos-32437482553499.png?v=1646174601,4,,,,,,,,,,,,,,,,,,,,,,
